,STD,MEAN
0,"Bel_D1x    1183.515575
Bel_D2x     397.403384
Bel_D3x      62.559153
Bel_D8x     169.328729
Bel_D9x      55.297969
dtype: float64","Bel_D1x    1143.411774
Bel_D2x     557.644329
Bel_D3x      76.614689
Bel_D8x     234.451266
Bel_D9x      76.129957
dtype: float64"
