,STD,MEAN
0,"Bel_D1x     89.860730
Bel_D2x     31.714664
Bel_D3x      6.737677
Bel_D4x    273.754467
dtype: float64","Bel_D1x     98.646120
Bel_D2x     25.222783
Bel_D3x      0.359091
Bel_D4x    316.796922
dtype: float64"
