,STD,MEAN
0,"Bel_D2x    409.606608
Bel_D4x    340.390143
dtype: float64","Bel_D2x    601.534158
Bel_D4x    484.810520
dtype: float64"
