,STD,MEAN
0,"Bel_D4x    107.685406
Bel_D5x     28.637337
Bel_D8x    326.985910
Bel_D9x     61.454853
dtype: float64","Bel_D4x    121.352903
Bel_D5x     30.299406
Bel_D8x    434.134110
Bel_D9x     67.529436
dtype: float64"
