,STD,MEAN
0,"Bel_D1x    302.501755
Bel_D2x    398.579800
Bel_D3x    383.184822
Bel_D4x    195.980386
Bel_D7x    203.595973
dtype: float64","Bel_D1x    349.849035
Bel_D2x    475.796596
Bel_D3x    476.853595
Bel_D4x    227.575360
Bel_D7x    225.534077
dtype: float64"
