,STD,MEAN
0,"Bel_D1x    363.048124
Bel_D2x    243.896510
Bel_D3x    217.980543
Bel_D4x    282.348941
dtype: float64","Bel_D1x    362.676248
Bel_D2x    325.928752
Bel_D3x    275.022799
Bel_D4x    357.896670
dtype: float64"
