,STD,MEAN
0,"Bel_D2x    141.286612
Bel_D4x    147.495938
dtype: float64","Bel_D2x    180.703037
Bel_D4x    194.587411
dtype: float64"
