,STD,MEAN
0,"Bel_D1x     208.373688
Bel_D2x    1026.912882
Bel_D3x      63.546357
Bel_D4x     178.406172
Bel_D5x     211.331644
dtype: float64","Bel_D1x     268.733491
Bel_D2x    1020.273349
Bel_D3x      78.241348
Bel_D4x     240.251201
Bel_D5x     279.969709
dtype: float64"
