,STD,MEAN
0,"Bel_D2x    186.213843
Bel_D3x     32.059937
Bel_D5x     62.052478
Bel_D8x    190.085459
dtype: float64","Bel_D2x    252.960101
Bel_D3x     38.989659
Bel_D5x     78.038840
Bel_D8x    247.073935
dtype: float64"
