,STD,MEAN
0,"Bel_D5x    255.287833
Bel_D6x    218.424995
dtype: float64","Bel_D5x    324.222050
Bel_D6x    301.419021
dtype: float64"
