,STD,MEAN
0,"Bel_D1x    198.804083
Bel_D2x    343.779126
Bel_D8x    222.187582
dtype: float64","Bel_D1x    234.093152
Bel_D2x    466.902777
Bel_D8x    332.468447
dtype: float64"
