,STD,MEAN
0,"Bel_D1x     37.173041
Bel_D2x    182.449290
Bel_D3x    169.783192
dtype: float64","Bel_D1x     39.767201
Bel_D2x    228.834215
Bel_D3x    177.353391
dtype: float64"
