,STD,MEAN
0,"Bel_D1x     179.479349
Bel_D2x     288.466422
Bel_D3x    2633.276047
Bel_D4x     304.499789
dtype: float64","Bel_D1x     213.356404
Bel_D2x     319.796759
Bel_D3x    1197.788698
Bel_D4x     362.981272
dtype: float64"
