,STD,MEAN
0,"Bel_D4x    251.910239
Bel_D8x    260.232473
dtype: float64","Bel_D4x    379.333442
Bel_D8x    362.623891
dtype: float64"
