,STD,MEAN
0,"Bel_D1x    178.429171
Bel_D2x     40.495999
Bel_D5x    221.839907
Bel_D8x     45.469030
dtype: float64","Bel_D1x    110.373341
Bel_D2x     47.133295
Bel_D5x    318.153571
Bel_D8x     61.689928
dtype: float64"
