,STD,MEAN
0,"Bel_D1x    281.692505
Bel_D2x    273.466377
Bel_D3x    196.778472
Bel_D4x     34.372978
dtype: float64","Bel_D1x    225.272779
Bel_D2x    320.512906
Bel_D3x    228.013924
Bel_D4x     39.747903
dtype: float64"
