,STD,MEAN
0,"Bel_D2x    452.588452
Bel_D5x     71.434153
Bel_D8x    232.878888
dtype: float64","Bel_D2x    601.050647
Bel_D5x     55.375132
Bel_D8x    344.572185
dtype: float64"
