,STD,MEAN
0,"Bel_D2x    183.497112
Bel_D3x    225.900601
dtype: float64","Bel_D2x    226.213419
Bel_D3x    304.578699
dtype: float64"
