,STD,MEAN
0,"Bel_D1x    215.065300
Bel_D3x    111.760638
Bel_D4x     71.640496
dtype: float64","Bel_D1x    273.695872
Bel_D3x    138.236707
Bel_D4x     90.017670
dtype: float64"
