,STD,MEAN
0,"Bel_D1x    225.108197
Bel_D2x     19.241400
Bel_D5x     84.930335
Bel_D8x    205.959602
dtype: float64","Bel_D1x    306.128410
Bel_D2x      8.831528
Bel_D5x    117.770947
Bel_D8x    287.512092
dtype: float64"
