,STD,MEAN
0,"Bel_D1x    147.035766
Bel_D2x    139.629795
Bel_D3x     15.588755
Bel_D4x    218.617482
dtype: float64","Bel_D1x    178.586271
Bel_D2x    183.180360
Bel_D3x     12.946503
Bel_D4x    275.100888
dtype: float64"
