,STD,MEAN
0,"Bel_D1x    123.678985
Bel_D2x    158.389074
Bel_D5x     78.551166
Bel_D8x    594.991951
Bel_D9x     61.652473
dtype: float64","Bel_D1x    113.146009
Bel_D2x    208.108962
Bel_D5x     82.710025
Bel_D8x    565.306728
Bel_D9x     35.384773
dtype: float64"
