,STD,MEAN
0,"Bel_D1x    172.361269
Bel_D2x    315.882390
Bel_D3x    133.500354
Bel_D4x    241.468455
dtype: float64","Bel_D1x    208.654833
Bel_D2x    406.199169
Bel_D3x    152.308118
Bel_D4x    301.932253
dtype: float64"
