,STD,MEAN
0,"Bel_D1x    198.028409
Bel_D2x     35.243667
Bel_D5x    209.409766
Bel_D8x     30.363511
dtype: float64","Bel_D1x    260.915968
Bel_D2x     44.629916
Bel_D5x    294.602068
Bel_D8x     34.603941
dtype: float64"
