,STD,MEAN
0,"Bel_D1x    318.061509
Bel_D2x    177.631769
Bel_D5x    102.165856
dtype: float64","Bel_D1x    442.348099
Bel_D2x    228.965801
Bel_D5x    149.929077
dtype: float64"
