,STD,MEAN
0,"Bel_D2x    194.065542
Bel_D3x     35.886973
Bel_D4x    218.954936
Bel_D5x      0.022099
dtype: float64","Bel_D2x    263.680889
Bel_D3x     32.867600
Bel_D4x    285.162853
Bel_D5x     -0.000489
dtype: float64"
