,STD,MEAN
0,"Bel_D1x    278.942041
Bel_D2x    305.899726
Bel_D4x    151.833178
Bel_D5x      0.055613
dtype: float64","Bel_D1x    372.204299
Bel_D2x    396.830633
Bel_D4x    186.498005
Bel_D5x     -0.001303
dtype: float64"
