,STD,MEAN
0,"Bel_D1x    620.285447
Bel_D2x    394.914365
Bel_D3x    773.206497
Bel_D4x    478.340719
dtype: float64","Bel_D1x     473.196808
Bel_D2x     516.279945
Bel_D3x    1083.597753
Bel_D4x     680.172217
dtype: float64"
