,STD,MEAN
0,"Bel_D1x    716.729802
Bel_D3x    105.385292
Bel_D7x      6.568765
dtype: float64","Bel_D1x    810.615341
Bel_D3x    114.949678
Bel_D7x      2.470646
dtype: float64"
