,STD,MEAN
0,"Bel_D2x    238.939777
Bel_D3x    123.994590
Bel_D4x    210.003164
dtype: float64","Bel_D2x    332.592134
Bel_D3x    142.559075
Bel_D4x    275.660614
dtype: float64"
