,STD,MEAN
0,"Bel_D1x    272.377537
Bel_D2x    237.341452
Bel_D5x    278.793989
Bel_D6x     46.988687
Bel_D8x     54.601953
dtype: float64","Bel_D1x    357.552805
Bel_D2x    298.431072
Bel_D5x    385.166517
Bel_D6x     62.064246
Bel_D8x     64.276036
dtype: float64"
