,STD,MEAN
0,"Bel_D1x     197.989456
Bel_D2x      77.977010
Bel_D3x    1848.291379
Bel_D4x     109.474670
dtype: float64","Bel_D1x     244.390033
Bel_D2x      96.825421
Bel_D3x    1233.529354
Bel_D4x     122.190131
dtype: float64"
