,STD,MEAN
0,"Bel_D1x    362.830340
Bel_D2x    190.792428
Bel_D5x     92.757332
Bel_D8x     16.385546
dtype: float64","Bel_D1x    400.153489
Bel_D2x    222.744565
Bel_D5x    104.231822
Bel_D8x     19.396059
dtype: float64"
