,STD,MEAN
0,"Bel_D1x    122.643949
Bel_D2x    116.990162
dtype: float64","Bel_D1x    109.786011
Bel_D2x    109.691800
dtype: float64"
