,STD,MEAN
0,"Bel_D1x     16.465413
Bel_D2x    326.847909
Bel_D4x    358.126850
dtype: float64","Bel_D1x     16.030454
Bel_D2x    451.132155
Bel_D4x    528.504682
dtype: float64"
