,STD,MEAN
0,"Bel_D1x     26.743141
Bel_D2x    308.595958
Bel_D4x    329.625033
dtype: float64","Bel_D1x     32.788535
Bel_D2x    400.383926
Bel_D4x    456.292810
dtype: float64"
