,STD,MEAN
0,"Bel_D1x     30.871392
Bel_D2x    121.004355
Bel_D5x     45.242055
Bel_D8x    126.782238
dtype: float64","Bel_D1x     36.525853
Bel_D2x    163.053253
Bel_D5x     55.450859
Bel_D8x    170.214722
dtype: float64"
