,STD,MEAN
0,"Bel_D1x     49.195376
Bel_D2x      0.023874
Bel_D4x    208.974553
dtype: float64","Bel_D1x     54.764433
Bel_D2x     -0.000244
Bel_D4x    283.856852
dtype: float64"
