,STD,MEAN
0,"Bel_D1x    1180.860730
Bel_D2x      50.067738
Bel_D4x      10.622363
Bel_D5x     702.940784
Bel_D6x      29.270862
Bel_D7x      44.330989
Bel_D8x      36.553752
Bel_D9x     237.958017
dtype: float64","Bel_D1x    1586.444345
Bel_D2x      49.663220
Bel_D4x       9.567136
Bel_D5x     921.528703
Bel_D6x      35.106995
Bel_D7x      47.095351
Bel_D8x      40.801401
Bel_D9x     329.191271
dtype: float64"
