,STD,MEAN
0,"Bel_D1x    257.549917
Bel_D2x     53.936260
Bel_D3x    117.954132
Bel_D5x    226.798638
Bel_D6x     68.146831
Bel_D8x    103.287853
Bel_D9x     98.086561
dtype: float64","Bel_D1x    364.375702
Bel_D2x     51.755476
Bel_D3x    124.090384
Bel_D5x    305.927856
Bel_D6x     75.589691
Bel_D8x    106.768993
Bel_D9x     99.685286
dtype: float64"
