,STD,MEAN
0,"Bel_D1x     56.921246
Bel_D2x    111.088277
Bel_D8x    140.891193
Bel_D9x     72.543208
dtype: float64","Bel_D1x     74.745460
Bel_D2x    153.720300
Bel_D8x    188.685938
Bel_D9x     85.139158
dtype: float64"
