,STD,MEAN
0,"Bel_D1x      0.022099
Bel_D3x    522.959263
Bel_D4x    121.520267
dtype: float64","Bel_D1x     -0.000489
Bel_D3x    675.406156
Bel_D4x     99.956030
dtype: float64"
