,STD,MEAN
0,"Bel_D1x    508.236179
Bel_D5x    373.742862
Bel_D6x    132.289158
Bel_D7x    105.187320
Bel_D9x    136.919789
dtype: float64","Bel_D1x    717.726000
Bel_D5x    496.575686
Bel_D6x    183.757186
Bel_D7x    125.917678
Bel_D9x    194.687648
dtype: float64"
