,STD,MEAN
0,"Bel_D1x    941.222453
Bel_D5x     94.760502
dtype: float64","Bel_D1x    251.030698
Bel_D5x    138.869473
dtype: float64"
