,STD,MEAN
0,"Bel_D1x    174.629629
Bel_D2x     29.784757
Bel_D5x    108.870076
Bel_D8x      0.044198
dtype: float64","Bel_D1x    181.851152
Bel_D2x     29.155362
Bel_D5x    105.378064
Bel_D8x     -0.000977
dtype: float64"
