,STD,MEAN
0,"Bel_D2x     47.750327
Bel_D3x    123.506756
Bel_D4x    161.910063
Bel_D6x     17.830372
Bel_D8x     53.612433
dtype: float64","Bel_D2x     43.427978
Bel_D3x    158.507532
Bel_D4x    216.545151
Bel_D6x      5.499552
Bel_D8x     54.987949
dtype: float64"
