,STD,MEAN
0,"Bel_D1x    157.696952
Bel_D2x    154.863723
Bel_D3x    216.347007
dtype: float64","Bel_D1x    211.063676
Bel_D2x    188.784382
Bel_D3x    292.200635
dtype: float64"
