,STD,MEAN
0,"Bel_D1x    1278.561060
Bel_D5x     124.235434
dtype: float64","Bel_D1x    379.550547
Bel_D5x    131.394677
dtype: float64"
