,STD,MEAN
0,"Bel_D1x    345.825671
Bel_D2x    494.092602
Bel_D3x    218.302384
Bel_D4x    346.227322
Bel_D5x      4.857753
dtype: float64","Bel_D1x    172.825503
Bel_D2x    645.223109
Bel_D3x    246.102353
Bel_D4x    470.197297
Bel_D5x      5.872893
dtype: float64"
