,STD,MEAN
0,"Bel_D1x    158.503865
Bel_D3x    203.123543
Bel_D4x    368.456846
dtype: float64","Bel_D1x    203.150721
Bel_D3x    247.869717
Bel_D4x    488.361208
dtype: float64"
