,STD,MEAN
0,"Bel_D1x    130.193197
Bel_D2x    279.432455
Bel_D3x    193.011191
Bel_D4x    316.993462
dtype: float64","Bel_D1x    135.881769
Bel_D2x    343.985018
Bel_D3x    221.187363
Bel_D4x    394.604837
dtype: float64"
