,STD,MEAN
0,"Bel_D1x    2145.260675
Bel_D2x     791.922505
dtype: float64","Bel_D1x    2020.998290
Bel_D2x     861.757512
dtype: float64"
