,STD,MEAN
0,"Bel_D1x     0.028525
Bel_D2x    85.417585
Bel_D3x     0.028525
Bel_D4x    81.732148
dtype: float64","Bel_D1x    -0.000814
Bel_D2x    95.574546
Bel_D3x    -0.000814
Bel_D4x    93.613794
dtype: float64"
