,STD,MEAN
0,"Bel_D1x    285.589452
Bel_D2x    150.519698
Bel_D3x    323.204473
Bel_D4x    116.753491
Bel_D5x      5.583041
dtype: float64","Bel_D1x    349.608420
Bel_D2x    184.032245
Bel_D3x    406.006188
Bel_D4x    128.872079
Bel_D5x      7.212035
dtype: float64"
