,STD,MEAN
0,"Bel_D1x    553.148414
Bel_D2x    211.034148
Bel_D3x    821.916950
Bel_D4x    200.584848
dtype: float64","Bel_D1x     622.887631
Bel_D2x     300.852944
Bel_D3x    1089.681296
Bel_D4x     246.206335
dtype: float64"
