,STD,MEAN
0,"Bel_D1x    233.522453
Bel_D2x    124.983585
Bel_D3x    196.285773
Bel_D4x     42.890760
dtype: float64","Bel_D1x    323.185001
Bel_D2x    132.304291
Bel_D3x    272.010504
Bel_D4x     42.074668
dtype: float64"
