,STD,MEAN
0,"Bel_D5x    332.832024
Bel_D7x    218.374184
Bel_D9x    776.684803
dtype: float64","Bel_D5x    378.565182
Bel_D7x    248.964009
Bel_D9x    907.157968
dtype: float64"
