,STD,MEAN
0,"Bel_D1x    114.225934
Bel_D2x    289.650480
Bel_D8x    299.757317
dtype: float64","Bel_D1x    151.565671
Bel_D2x    389.134517
Bel_D8x    460.630160
dtype: float64"
