,STD,MEAN
0,"Bel_D1x    366.870602
Bel_D2x    217.627220
Bel_D3x    124.090893
Bel_D5x    182.502614
Bel_D6x     59.238198
Bel_D8x    205.063577
Bel_D9x     50.616920
dtype: float64","Bel_D1x    166.036153
Bel_D2x    302.682925
Bel_D3x    158.499064
Bel_D5x    123.783080
Bel_D6x     73.382461
Bel_D8x    269.905464
Bel_D9x     78.152756
dtype: float64"
