,STD,MEAN
0,"Bel_D1x     104.447775
Bel_D2x     199.997898
Bel_D5x    1100.184185
Bel_D8x     236.210845
dtype: float64","Bel_D1x     103.936650
Bel_D2x     259.958635
Bel_D5x    1883.957740
Bel_D8x     316.413077
dtype: float64"
