,STD,MEAN
0,"Bel_D2x    139.669255
Bel_D5x     50.594066
Bel_D8x     94.062172
dtype: float64","Bel_D2x    179.534973
Bel_D5x     60.303314
Bel_D8x    115.284179
dtype: float64"
