,STD,MEAN
0,"Bel_D1x    179.816780
Bel_D2x    189.275129
Bel_D5x     47.806349
Bel_D8x    220.915635
dtype: float64","Bel_D1x    123.576012
Bel_D2x    213.666884
Bel_D5x     61.439785
Bel_D8x    253.306571
dtype: float64"
