,STD,MEAN
0,"Bel_D2x    341.594767
Bel_D8x    364.485624
dtype: float64","Bel_D2x    423.800749
Bel_D8x    337.514453
dtype: float64"
