,STD,MEAN
0,"Bel_D1x    65.675806
Bel_D2x     0.224047
Bel_D5x    47.320232
Bel_D8x     0.224047
dtype: float64","Bel_D1x    75.475311
Bel_D2x    -0.053000
Bel_D5x    54.921647
Bel_D8x    -0.053000
dtype: float64"
