,STD,MEAN
0,"Bel_D1x    287.766608
Bel_D5x    190.496823
Bel_D8x    313.745304
dtype: float64","Bel_D1x    408.247700
Bel_D5x    272.493282
Bel_D8x    287.043563
dtype: float64"
