,STD,MEAN
0,"Bel_D1x    135.304722
Bel_D2x     29.742434
Bel_D5x    104.223185
Bel_D8x     55.603731
dtype: float64","Bel_D1x    189.971664
Bel_D2x     32.471379
Bel_D5x    118.880710
Bel_D8x     43.523247
dtype: float64"
