,STD,MEAN
0,"Bel_D1x    3712.457876
Bel_D2x      10.280925
Bel_D3x      75.669780
Bel_D5x     183.733039
Bel_D6x      64.296248
Bel_D8x      38.411775
Bel_D9x      19.833860
dtype: float64","Bel_D1x    2602.093478
Bel_D2x      11.841218
Bel_D3x      74.883479
Bel_D5x     225.340770
Bel_D6x      40.337188
Bel_D8x      41.491084
Bel_D9x      19.744646
dtype: float64"
