,STD,MEAN
0,"Bel_D1x    103.617343
Bel_D2x     75.900801
Bel_D3x    137.909921
Bel_D4x      8.510801
dtype: float64","Bel_D1x    135.967429
Bel_D2x     65.136471
Bel_D3x    185.516082
Bel_D4x     10.924599
dtype: float64"
