,STD,MEAN
0,"Bel_D1x    195.197500
Bel_D3x    166.478398
Bel_D4x     77.584261
dtype: float64","Bel_D1x    244.883886
Bel_D3x    227.242488
Bel_D4x     89.583014
dtype: float64"
