,STD,MEAN
0,"Bel_D1x     17.345289
Bel_D2x    200.366149
Bel_D3x     45.255113
Bel_D4x    242.180661
dtype: float64","Bel_D1x     19.817116
Bel_D2x    274.407133
Bel_D3x     47.697744
Bel_D4x    333.521456
dtype: float64"
