,STD,MEAN
0,"Bel_D1x    265.686538
Bel_D3x    134.094161
Bel_D4x    458.853216
dtype: float64","Bel_D1x    382.061966
Bel_D3x    192.164970
Bel_D4x    584.938034
dtype: float64"
