,STD,MEAN
0,"Bel_D1x    179.900561
Bel_D2x     66.546522
Bel_D4x    173.727151
dtype: float64","Bel_D1x    181.822164
Bel_D2x     58.280352
Bel_D4x    191.478056
dtype: float64"
