,STD,MEAN
0,"Bel_D3x    119.681593
Bel_D4x    186.827733
dtype: float64","Bel_D3x    166.005293
Bel_D4x    225.189480
dtype: float64"
