,STD,MEAN
0,"Bel_D2x    194.263455
Bel_D4x     20.914267
Bel_D5x     27.715969
Bel_D8x    322.929397
dtype: float64","Bel_D2x    270.022555
Bel_D4x     26.096491
Bel_D5x     33.870776
Bel_D8x    435.267405
dtype: float64"
