,STD,MEAN
0,"Bel_D1x    210.511995
Bel_D2x    123.954969
Bel_D3x    204.217011
Bel_D4x     62.664853
dtype: float64","Bel_D1x    292.880466
Bel_D2x    131.026545
Bel_D3x    269.620959
Bel_D4x     88.115707
dtype: float64"
