,STD,MEAN
0,"Bel_D1x    172.608761
Bel_D5x    180.055235
dtype: float64","Bel_D1x    223.527481
Bel_D5x    220.894390
dtype: float64"
