,STD,MEAN
0,"Bel_D1x     52.571585
Bel_D2x    191.814027
Bel_D8x    143.239582
Bel_D9x    106.059562
dtype: float64","Bel_D1x     62.801353
Bel_D2x    235.001163
Bel_D8x    152.051803
Bel_D9x    133.019241
dtype: float64"
